{"cameraMode":{"drawMode":0,"name":"Shaded","section":"Shading Mode"},"sceneLighting":true,"audioPlay":false,"sceneViewState":{"showFog":true,"showMaterialUpdate":false,"showSkybox":true,"showFlares":true,"showImageEffects":true,"showParticleSystems":true},"in2DMode":false,"pivot":{"x":45.600154876708987,"y":1.8879520893096924,"z":25.24241065979004},"rotation":{"x":-0.07801501452922821,"y":-0.7094494700431824,"z":0.07949422299861908,"w":-0.6959381103515625},"size":0.14026209712028504,"orthographic":false}